SET SQL_MODE = "NO_AUTO_VALUE_ON_ZERO";
START TRANSACTION;
SET time_zone = "+00:00";

CREATE DATABASE IF NOT EXISTS cms_db;
USE cms_db;

--
-- Table structure for table `admin`
--

CREATE TABLE `admin` (
  `admin_id` int(11) NOT NULL,
  `username` varchar(127) NOT NULL,
  `password` varchar(255) NOT NULL,
  `fname` varchar(127) NOT NULL,
  `lname` varchar(127) NOT NULL
) ENGINE=InnoDB DEFAULT CHARSET=utf8mb4 COLLATE=utf8mb4_general_ci;

--
-- Dumping data for table `admin`
--

INSERT INTO `admin` (`admin_id`, `username`, `password`, `fname`, `lname`) VALUES
(1, 'admin', '$2y$10$H7obJEdmLzqqcPy7wQWhsOLUvrgzC8f1Y1or2Gxaza5z1PT0tvLy6', 'Adminf', 'Adminl');

-- --------------------------------------------------------

--
-- Table structure for table `class`
--

CREATE TABLE `class` (
  `class_id` int(11) NOT NULL,
  `semester` int(11) NOT NULL,
  `section` int(11) NOT NULL
) ENGINE=InnoDB DEFAULT CHARSET=utf8mb4 COLLATE=utf8mb4_general_ci;

--
-- Dumping data for table `class`
--

INSERT INTO `class` (`class_id`, `semester`, `section`) VALUES
(1, 7, 2),
(2, 1, 1),
(3, 3, 3),
(4, 2, 1);

-- --------------------------------------------------------

--
-- Table structure for table `semester`
--

CREATE TABLE `semester` (
  `semester_id` int(11) NOT NULL,
  `semester` varchar(31) NOT NULL,
  `semester_code` varchar(7) NOT NULL
) ENGINE=InnoDB DEFAULT CHARSET=utf8mb4 COLLATE=utf8mb4_general_ci;

--
-- Dumping data for table `semester`
--

INSERT INTO `semester` (`semester_id`, `semester`, `semester_code`) VALUES
(1, '1', 'I-CSE'),
(2, '2', 'II-CSE'),
(3, '1', 'I-EE'),
(4, '2', 'II-EE'),
(7, '3', 'III-CSE');


-- --------------------------------------------------------

--
-- Table structure for table `message`
--

CREATE TABLE `message` (
  `message_id` int(11) NOT NULL,
  `sender_full_name` varchar(100) NOT NULL,
  `sender_email` varchar(255) NOT NULL,
  `message` text NOT NULL,
  `date_time` datetime NOT NULL DEFAULT current_timestamp()
) ENGINE=InnoDB DEFAULT CHARSET=utf8mb4 COLLATE=utf8mb4_general_ci;

--
-- Dumping data for table `message`
--

INSERT INTO `message` (`message_id`, `sender_full_name`, `sender_email`, `message`, `date_time`) VALUES
(1, 'Test', 'test@test.com', 'Test3', '2024-01-01 00:00:00'),
(2, 'Test', 'test@test.com', 'Test2', '2024-01-01 00:00:00'),
(3, 'Test', 'test@test.com', 'Test1', '2024-01-01 00:00:00');

-- --------------------------------------------------------

--
-- Table structure for table `registrar_office`
--

CREATE TABLE `registrar_office` (
  `r_user_id` int(11) NOT NULL,
  `username` varchar(127) NOT NULL,
  `password` varchar(255) NOT NULL,
  `fname` varchar(31) NOT NULL,
  `lname` varchar(31) NOT NULL,
  `address` varchar(31) NOT NULL,
  `employee_number` int(11) NOT NULL,
  `date_of_birth` date NOT NULL,
  `phone_number` varchar(31) NOT NULL,
  `qualification` varchar(31) NOT NULL,
  `gender` varchar(7) NOT NULL,
  `email_address` varchar(255) NOT NULL,
  `date_of_joined` datetime NOT NULL DEFAULT current_timestamp()
) ENGINE=InnoDB DEFAULT CHARSET=utf8mb4 COLLATE=utf8mb4_general_ci;

--
-- Dumping data for table `registrar_office`
--

INSERT INTO `registrar_office` (`r_user_id`, `username`, `password`, `fname`, `lname`, `address`, `employee_number`, `date_of_birth`, `phone_number`, `qualification`, `gender`, `email_address`, `date_of_joined`) VALUES
(1, 'reg1', '$2y$10$H7obJEdmLzqqcPy7wQWhsOLUvrgzC8f1Y1or2Gxaza5z1PT0tvLy6', 'Reg1', 'Last', 'Addr', 12345, '2024-10-04', '12345', 'Test', 'Male', 'r@r.com', '2024-10-23 01:03:25'),
(2, 'reg2', '$2y$10$H7obJEdmLzqqcPy7wQWhsOLUvrgzC8f1Y1or2Gxaza5z1PT0tvLy6', 'Reg2', 'Last', 'Last', 6789, '2000-01-01', '123456', '', 'Male', 'r@r.com', '2024-01-01 00:00:00');

-- --------------------------------------------------------

--
-- Table structure for table `section`
--

CREATE TABLE `section` (
  `section_id` int(11) NOT NULL,
  `section` varchar(7) NOT NULL
) ENGINE=InnoDB DEFAULT CHARSET=utf8mb4 COLLATE=utf8mb4_general_ci;

--
-- Dumping data for table `section`
--

INSERT INTO `section` (`section_id`, `section`) VALUES
(1, 'A'),
(2, 'B'),
(3, 'C'),
(4, 'D');

-- --------------------------------------------------------

--
-- Table structure for table `setting`
--

CREATE TABLE `setting` (
  `id` int(11) NOT NULL,
  `current_year` int(11) NOT NULL,
  `current_semester` varchar(11) NOT NULL,
  `college_name` varchar(100) NOT NULL,
  `slogan` varchar(300) NOT NULL,
  `about` text NOT NULL,
  `contact` varchar(100) NOT NULL,
  `address` text NOT NULL,
  `course1` text NOT NULL,
  `course1desc` text NOT NULL,
  `course2` text NOT NULL,
  `course2desc` text NOT NULL,
  `course3` text NOT NULL,
  `course3desc` text NOT NULL
) ENGINE=InnoDB DEFAULT CHARSET=utf8mb4 COLLATE=utf8mb4_general_ci;

--
-- Dumping data for table `setting`
--

INSERT INTO `setting` (`id`, `current_year`, `current_semester`, `college_name`, `slogan`, `about`, `contact`, `address`, `course1`, `course1desc`, `course2`, `course2desc`, `course3`, `course3desc`) VALUES
(1, 2024, 'I', 'College Name', 'Lorem ipsum dolor sit amet, qui minim labore adipisicing minim sint cillum sint consectetur cupidatat.', 'Lorem ipsum dolor sit amet, qui minim labore adipisicing minim sint cillum sint consectetur cupidatat.Lorem ipsum dolor sit amet, qui minim labore adipisicing minim sint cillum sint consectetur cupidatat.', '+91-1234567890', 'college address, city, state', 'BTech', 'Lorem ipsum dolor sit amet, qui minim labore adipisicing minim sint cillum sint consectetur cupidatat.Lorem ipsum dolor sit amet, qui minim labore adipisicing minim sint cillum sint consectetur cupidatat.', 'BTech', 'Lorem ipsum dolor sit amet, qui minim labore adipisicing minim sint cillum sint consectetur cupidatat.Lorem ipsum dolor sit amet, qui minim labore adipisicing minim sint cillum sint consectetur cupidatat.', 'BTech', 'Lorem ipsum dolor sit amet, qui minim labore adipisicing minim sint cillum sint consectetur cupidatat.Lorem ipsum dolor sit amet, qui minim labore adipisicing minim sint cillum sint consectetur cupidatat.');

-- --------------------------------------------------------

--
-- Table structure for table `students`
--

CREATE TABLE `students` (
  `student_id` int(11) NOT NULL,
  `username` varchar(127) NOT NULL,
  `password` varchar(255) NOT NULL,
  `fname` varchar(127) NOT NULL,
  `lname` varchar(255) NOT NULL,
  `semester` int(11) NOT NULL,
  `section` int(11) NOT NULL,
  `address` varchar(31) NOT NULL,
  `gender` varchar(7) NOT NULL,
  `email_address` varchar(255) NOT NULL,
  `date_of_birth` date NOT NULL,
  `date_of_joined` timestamp NULL DEFAULT current_timestamp(),
  `parent_fname` varchar(127) NOT NULL,
  `parent_lname` varchar(127) NOT NULL,
  `parent_phone_number` varchar(31) NOT NULL
) ENGINE=InnoDB DEFAULT CHARSET=utf8mb4 COLLATE=utf8mb4_general_ci;

--
-- Dumping data for table `students`
--

INSERT INTO `students` (`student_id`, `username`, `password`, `fname`, `lname`, `semester`, `section`, `address`, `gender`, `email_address`, `date_of_birth`, `date_of_joined`, `parent_fname`, `parent_lname`, `parent_phone_number`) VALUES
(1, 'stu1', '$2y$10$H7obJEdmLzqqcPy7wQWhsOLUvrgzC8f1Y1or2Gxaza5z1PT0tvLy6', 'Student1', 'Last', 1, 1, 'Addr', 'Male', 's@s.com', '2003-01-01', '2024-01-01 00:00:00', 'Par', 'Last', '12345'),
(3, 'stu2', '$2y$10$H7obJEdmLzqqcPy7wQWhsOLUvrgzC8f1Y1or2Gxaza5z1PT0tvLy6', 'Student2', 'Last', 2, 1, 'Addr', 'Male', 's@s.com', '2003-01-02', '2024-01-01 00:00:00', 'Par', 'Last', '12345'),
(4, 'stu3', '$2y$10$H7obJEdmLzqqcPy7wQWhsOLUvrgzC8f1Y1or2Gxaza5z1PT0tvLy6', 'Student3', 'Last', 1, 1, 'Addr', 'Female', 's@s.com', '2003-01-03', '2024-01-01 00:00:00', 'Par', 'Last', '76890'),
(5, 'stu4', '$2y$10$H7obJEdmLzqqcPy7wQWhsOLUvrgzC8f1Y1or2Gxaza5z1PT0tvLy6', 'Student4', 'Last', 1, 1, 'Addr', 'Male', 's@s.com', '2003-01-04', '2024-01-1 00:00:00', 'Par', 'Last', '13256');

-- --------------------------------------------------------

--
-- Table structure for table `student_score`
--

CREATE TABLE `student_score` (
  `id` int(11) NOT NULL,
  `semester` varchar(100) NOT NULL,
  `year` int(11) NOT NULL,
  `student_id` int(11) NOT NULL,
  `teacher_id` int(11) NOT NULL,
  `subject_id` int(11) NOT NULL,
  `results` varchar(512) NOT NULL
) ENGINE=InnoDB DEFAULT CHARSET=utf8mb4 COLLATE=utf8mb4_general_ci;

--
-- Dumping data for table `student_score`
--

INSERT INTO `student_score` (`id`, `semester`, `year`, `student_id`, `teacher_id`, `subject_id`, `results`) VALUES
(1, 'II', 2021, 1, 1, 1, '10 15,15 20,10 10,10 20,30 35'),
(2, 'II', 2023, 1, 1, 4, '15 20,4 5'),
(3, 'I', 2022, 1, 1, 5, '10 20,50 50');

-- --------------------------------------------------------

--
-- Table structure for table `subjects`
--

CREATE TABLE `subjects` (
  `subject_id` int(11) NOT NULL,
  `subject` varchar(31) NOT NULL,
  `subject_code` varchar(31) NOT NULL,
  `semester` int(11) NOT NULL
) ENGINE=InnoDB DEFAULT CHARSET=utf8mb4 COLLATE=utf8mb4_general_ci;

--
-- Dumping data for table `subjects`
--

INSERT INTO `subjects` (`subject_id`, `subject`, `subject_code`, `semester`) VALUES
(1, 'C', 'C', 1),
(2, 'Python', 'Py', 2),
(3, 'Fundamentals of Computers', 'FOC', 1),
(4, 'Math', 'Math-01', 1),
(5, 'Chemistry', 'Chem-01', 1),
(6, 'Physics', 'Phy-01', 1),
(7, 'Java', 'Java-01', 1);

-- --------------------------------------------------------

--
-- Table structure for table `teachers`
--

CREATE TABLE `teachers` (
  `teacher_id` int(11) NOT NULL,
  `username` varchar(127) NOT NULL,
  `password` varchar(255) NOT NULL,
  `class` varchar(31) NOT NULL,
  `fname` varchar(127) NOT NULL,
  `lname` varchar(127) NOT NULL,
  `subjects` varchar(31) NOT NULL,
  `address` varchar(31) NOT NULL,
  `employee_number` int(11) NOT NULL,
  `date_of_birth` date DEFAULT NULL,
  `phone_number` varchar(31) NOT NULL,
  `qualification` varchar(127) NOT NULL,
  `gender` varchar(7) NOT NULL,
  `email_address` varchar(255) NOT NULL,
  `date_of_joined` datetime NOT NULL DEFAULT current_timestamp()
) ENGINE=InnoDB DEFAULT CHARSET=utf8mb4 COLLATE=utf8mb4_general_ci;

--
-- Dumping data for table `teachers`
--

INSERT INTO `teachers` (`teacher_id`, `username`, `password`, `class`, `fname`, `lname`, `subjects`, `address`, `employee_number`, `date_of_birth`, `phone_number`, `qualification`, `gender`, `email_address`, `date_of_joined`) VALUES
(1, 'teacher1', '$2y$10$H7obJEdmLzqqcPy7wQWhsOLUvrgzC8f1Y1or2Gxaza5z1PT0tvLy6', '1234', 'Teacher1', 'Last', '1245', 'Addr', 654, '2024-01-01', '123454', 'BTech', 'Male', 't@t.com', '2024-01-01 00:00:00'),
(5, 'teacher2', '$2y$10$H7obJEdmLzqqcPy7wQWhsOLUvrgzC8f1Y1or2Gxaza5z1PT0tvLy6', '1234', 'Teacher2', 'Last', '1245', 'Addr', 192, '2024-01-01', '9987654', 'BTech', 'Male', 't@t.com', '2024-01-01 00:00:00');

--
-- Indexes for dumped tables
--

--
-- Indexes for table `admin`
--
ALTER TABLE `admin`
  ADD PRIMARY KEY (`admin_id`),
  ADD UNIQUE KEY `username` (`username`);

--
-- Indexes for table `class`
--
ALTER TABLE `class`
  ADD PRIMARY KEY (`class_id`);

--
-- Indexes for table `semester`
--
ALTER TABLE `semester`
  ADD PRIMARY KEY (`semester_id`);

--
-- Indexes for table `message`
--
ALTER TABLE `message`
  ADD PRIMARY KEY (`message_id`);

--
-- Indexes for table `registrar_office`
--
ALTER TABLE `registrar_office`
  ADD PRIMARY KEY (`r_user_id`);

--
-- Indexes for table `section`
--
ALTER TABLE `section`
  ADD PRIMARY KEY (`section_id`);

--
-- Indexes for table `setting`
--
ALTER TABLE `setting`
  ADD PRIMARY KEY (`id`);

--
-- Indexes for table `students`
--
ALTER TABLE `students`
  ADD PRIMARY KEY (`student_id`),
  ADD UNIQUE KEY `username` (`username`);

--
-- Indexes for table `student_score`
--
ALTER TABLE `student_score`
  ADD PRIMARY KEY (`id`);

--
-- Indexes for table `subjects`
--
ALTER TABLE `subjects`
  ADD PRIMARY KEY (`subject_id`);

--
-- Indexes for table `teachers`
--
ALTER TABLE `teachers`
  ADD PRIMARY KEY (`teacher_id`),
  ADD UNIQUE KEY `username` (`username`);

--
-- AUTO_INCREMENT for dumped tables
--

--
-- AUTO_INCREMENT for table `admin`
--
ALTER TABLE `admin`
  MODIFY `admin_id` int(11) NOT NULL AUTO_INCREMENT, AUTO_INCREMENT=2;

--
-- AUTO_INCREMENT for table `class`
--
ALTER TABLE `class`
  MODIFY `class_id` int(11) NOT NULL AUTO_INCREMENT, AUTO_INCREMENT=7;

--
-- AUTO_INCREMENT for table `semester`
--
ALTER TABLE `semester`
  MODIFY `semester_id` int(11) NOT NULL AUTO_INCREMENT, AUTO_INCREMENT=8;

--
-- AUTO_INCREMENT for table `message`
--
ALTER TABLE `message`
  MODIFY `message_id` int(11) NOT NULL AUTO_INCREMENT, AUTO_INCREMENT=4;

--
-- AUTO_INCREMENT for table `registrar_office`
--
ALTER TABLE `registrar_office`
  MODIFY `r_user_id` int(11) NOT NULL AUTO_INCREMENT, AUTO_INCREMENT=4;

--
-- AUTO_INCREMENT for table `section`
--
ALTER TABLE `section`
  MODIFY `section_id` int(11) NOT NULL AUTO_INCREMENT, AUTO_INCREMENT=7;

--
-- AUTO_INCREMENT for table `setting`
--
ALTER TABLE `setting`
  MODIFY `id` int(11) NOT NULL AUTO_INCREMENT, AUTO_INCREMENT=2;

--
-- AUTO_INCREMENT for table `students`
--
ALTER TABLE `students`
  MODIFY `student_id` int(11) NOT NULL AUTO_INCREMENT, AUTO_INCREMENT=6;

--
-- AUTO_INCREMENT for table `student_score`
--
ALTER TABLE `student_score`
  MODIFY `id` int(11) NOT NULL AUTO_INCREMENT, AUTO_INCREMENT=4;

--
-- AUTO_INCREMENT for table `subjects`
--
ALTER TABLE `subjects`
  MODIFY `subject_id` int(11) NOT NULL AUTO_INCREMENT, AUTO_INCREMENT=8;

--
-- AUTO_INCREMENT for table `teachers`
--
ALTER TABLE `teachers`
  MODIFY `teacher_id` int(11) NOT NULL AUTO_INCREMENT, AUTO_INCREMENT=8;
COMMIT;

/*!40101 SET CHARACTER_SET_CLIENT=@OLD_CHARACTER_SET_CLIENT */;
/*!40101 SET CHARACTER_SET_RESULTS=@OLD_CHARACTER_SET_RESULTS */;
/*!40101 SET COLLATION_CONNECTION=@OLD_COLLATION_CONNECTION */;
